"BehaviorSpace results (NetLogo 6.4.0)","Table version 2.0"
"birds_human_feedback_v13.nlogo"
"clustering"
"02/26/2025 16:47:33:418 -0600"
"min-pxcor","max-pxcor","min-pycor","max-pycor"
"0","29","0","29"
"[run number]","change-chance","max-bird","mean-vegetation-volume","[step]","count turtles","[pxcor] of patches","[pycor] of patches","[vegetation-volume] of patches","[bird-density] of patches","[bird-love] of patches"
"1","0.05","1","3","500","0","[4 0 23 21 12 26 22 24 15 8 4 18 7 0 1 16 25 29 0 8 9 20 11 24 22 17 7 23 9 20 18 20 19 6 5 26 17 24 13 2 15 29 24 9 0 12 16 0 9 2 15 11 6 29 24 28 22 3 5 18 23 20 12 27 22 12 8 28 3 24 7 26 7 15 28 8 11 7 5 27 1 10 27 16 21 14 8 27 5 26 1 10 18 17 19 16 4 15 15 28 26 9 28 3 27 21 29 29 8 13 3 12 15 21 12 8 27 23 15 18 2 9 0 14 18 9 18 12 0 18 15 8 17 0 15 14 0 13 22 17 27 27 4 17 18 2 0 20 16 12 3 1 1 29 14 8 19 16 7 2 5 19 9 12 4 25 3 20 10 6 4 2 0 18 22 21 6 12 29 13 4 24 7 17 4 3 6 25 22 8 25 21 9 28 29 5 14 18 19 7 28 19 13 13 26 3 7 27 2 24 12 12 7 9 24 25 6 6 10 20 10 19 1 8 5 29 9 15 19 13 17 10 1 1 15 10 22 16 14 11 21 4 18 4 7 1 13 11 17 13 29 9 12 26 8 7 17 21 13 18 24 12 2 11 10 17 20 24 7 6 1 8 28 23 3 22 14 22 1 5 14 28 22 12 26 26 26 27 24 23 3 23 19 5 23 26 18 23 2 21 17 16 23 6 9 26 23 4 27 29 25 25 15 25 11 28 6 13 14 27 0 27 14 20 22 29 19 16 9 27 2 4 5 14 19 7 12 14 25 2 11 16 27 7 25 14 19 19 27 8 25 0 11 10 10 13 27 5 2 25 5 28 15 1 15 7 10 23 7 13 16 26 29 8 18 9 3 28 12 2 6 7 15 12 20 20 10 22 4 19 0 3 10 25 21 26 26 0 22 25 27 24 13 2 16 9 10 19 29 19 28 29 9 25 23 6 23 7 10 2 11 8 14 8 15 12 17 19 14 24 23 25 26 20 1 19 11 21 20 22 4 19 6 9 4 12 21 0 10 23 11 11 28 15 16 14 10 20 23 11 13 13 18 16 29 18 16 17 28 22 27 20 24 28 1 0 10 12 19 6 14 17 15 10 13 22 1 29 1 25 14 13 10 14 11 22 21 25 28 28 29 8 10 3 25 26 27 24 21 18 2 1 13 29 16 23 19 15 18 27 13 4 15 21 27 1 20 27 8 17 15 17 26 14 9 28 14 12 4 27 1 24 4 2 20 22 5 4 24 0 28 17 7 10 14 20 17 21 3 25 0 9 6 2 15 9 2 10 18 4 3 9 13 21 19 25 12 17 15 26 5 6 20 6 6 14 26 21 1 5 23 7 13 27 20 16 25 13 3 18 8 27 8 11 28 17 22 5 8 25 25 0 7 7 0 2 26 1 24 5 29 14 21 27 20 3 23 5 21 16 19 14 4 6 1 7 12 16 5 16 29 8 26 24 22 5 3 22 11 6 2 22 22 6 20 28 11 6 8 20 21 4 10 9 29 19 5 11 8 23 24 26 11 18 4 19 29 28 21 26 23 2 14 17 12 24 24 10 25 1 5 14 9 16 9 20 12 16 13 3 3 4 8 24 9 3 13 17 3 16 24 22 20 18 19 5 3 21 3 2 2 28 28 10 19 5 20 28 13 21 27 14 22 16 4 1 19 5 7 18 2 8 11 25 2 11 6 1 21 10 17 27 7 16 5 23 11 8 8 0 11 23 17 15 25 26 3 28 14 23 9 19 0 16 10 2 5 2 17 13 26 0 29 13 0 11 4 23 0 21 22 0 3 20 12 20 5 21 29 1 23 29 1 7 23 13 28 18 5 27 6 28 23 18 1 18 4 22 28 8 3 12 24 7 26 4 2 14 17 11 16 2 25 16 29 26 16 18 21 12 20 26 9 11 26 15 23 7 6 24 29 11 21 29 17 1 6 6 9 21 15 0 24 5 7 18 4 10 4 15 22 11 6 25 19 24 22 18 12 25 29 3 6 3 24 10 16 17 1 13 15 17 11 6 3 20 15 9 0 0]","[23 16 12 27 27 1 16 7 19 11 19 3 20 15 28 8 2 1 26 9 11 4 19 22 20 13 21 11 25 13 13 26 9 16 12 26 2 23 6 4 29 0 13 9 6 3 3 9 10 25 23 6 27 17 5 25 9 8 4 2 13 17 18 20 26 23 23 22 5 15 23 13 0 7 1 19 26 26 18 12 2 17 29 0 10 2 22 26 21 8 20 10 19 5 27 1 20 8 5 7 29 0 16 20 5 28 13 28 7 20 28 10 26 2 17 13 13 28 18 29 6 12 8 0 27 6 4 19 22 18 20 0 14 10 28 19 3 5 21 16 9 27 1 17 6 3 25 2 10 16 3 13 9 6 28 6 21 28 16 26 13 25 22 26 24 29 11 5 8 25 0 21 12 20 3 15 6 5 24 8 11 19 17 28 10 12 26 5 5 14 13 7 7 26 18 28 6 22 24 22 29 8 18 17 0 24 5 25 22 21 8 7 4 23 16 6 1 18 1 21 29 10 0 29 6 26 4 15 7 3 9 28 11 1 10 18 8 12 26 1 19 22 17 17 8 23 21 17 8 4 20 13 22 7 21 3 23 17 7 24 4 6 18 28 14 1 25 27 2 14 16 3 13 1 7 1 27 2 26 27 18 10 4 15 18 6 17 7 11 22 26 7 2 29 2 21 15 18 28 29 27 27 29 15 15 10 21 29 24 27 9 28 6 18 7 8 9 26 10 6 1 28 5 23 7 2 22 4 3 22 23 4 14 25 6 25 13 15 4 24 16 6 21 28 26 8 0 13 17 25 11 28 27 23 3 22 3 7 2 14 22 15 14 7 2 1 26 26 27 11 13 5 7 2 11 24 16 14 20 1 10 10 9 12 0 1 6 6 3 12 11 9 15 8 14 2 28 19 17 19 10 25 10 9 18 14 13 17 15 18 23 3 17 23 0 28 17 29 2 8 21 20 17 4 21 14 10 26 22 18 27 22 27 19 15 15 8 24 27 13 13 20 3 20 21 4 26 29 0 23 29 5 5 13 11 12 22 16 5 10 29 2 12 21 12 16 9 7 19 25 11 7 6 9 27 13 20 29 16 23 16 26 12 27 12 27 4 23 14 25 11 0 5 23 4 11 20 1 24 28 4 16 11 15 21 3 14 0 4 1 5 8 15 5 23 3 11 3 23 18 27 7 27 21 2 5 6 23 12 21 0 12 24 3 26 6 4 2 12 19 17 12 26 19 24 18 26 2 28 4 21 0 19 24 13 22 11 23 1 15 23 18 22 29 25 2 10 19 5 14 0 21 19 18 5 27 21 20 16 25 5 21 15 2 13 7 20 22 6 2 20 6 23 4 12 16 10 16 19 10 26 1 15 9 17 3 24 3 24 16 0 24 11 15 5 7 11 19 1 16 16 20 12 0 28 13 14 8 9 22 14 1 15 0 12 14 28 20 10 15 10 10 15 3 10 11 27 19 18 17 13 28 0 24 11 12 24 8 27 14 8 9 12 16 22 28 25 15 1 10 9 14 22 0 27 19 14 4 1 19 16 15 24 15 24 8 2 4 3 29 0 9 5 7 8 3 1 19 25 23 29 5 17 26 27 17 28 29 22 5 17 12 8 26 3 19 18 25 2 20 27 18 2 7 1 1 20 20 1 16 15 14 22 2 16 3 23 23 24 14 14 8 20 24 17 11 5 22 3 25 22 8 13 26 17 4 0 18 5 0 23 24 25 22 20 23 25 27 21 15 29 4 21 24 16 12 9 11 18 14 12 17 11 9 27 25 6 19 18 6 23 14 6 29 11 10 24 13 8 21 6 25 24 7 8 13 3 9 15 16 4 11 9 8 18 21 18 15 0 28 21 9 10 9 16 28 16 29 4 14 14 0 17 17 19 22 25 25 5 0 9 9 28 13 4 17 25 18 7 14 21 12 11 29 19 25 19 29 1 0 1 20 24 20 12 7 25 21 8 4 29 3 20 12 29 29 14 28 25 7 9 10 11 4 20 9 29 6 10 24 24 24 2 12 14 18 11 19 2 7]","[1 13 14 9 4 9 16 0 10 12 9 7 0 16 12 8 0 7 2 16 0 10 8 15 1 15 16 16 16 3 3 16 2 14 16 12 16 16 5 14 3 9 16 0 0 0 16 0 16 16 10 0 7 15 11 14 3 16 12 6 7 4 7 4 10 1 0 14 0 14 0 16 14 16 0 0 13 16 0 15 0 11 13 16 16 6 0 16 16 1 16 8 16 7 4 16 16 16 16 8 8 4 13 6 16 11 15 0 6 6 5 16 11 9 16 0 7 0 16 6 15 16 14 6 13 16 16 13 16 14 16 15 14 0 0 6 16 16 16 5 6 5 16 0 16 11 16 4 16 15 1 14 1 10 16 1 16 1 14 13 0 9 3 16 16 0 13 2 16 6 10 11 7 3 16 7 12 2 16 15 16 0 14 16 11 15 16 10 0 16 11 0 16 11 11 11 8 0 13 14 13 16 16 16 14 16 10 16 7 16 9 16 8 10 5 16 15 14 4 0 16 6 0 0 1 3 8 16 16 11 1 4 16 0 16 2 1 16 16 2 7 16 16 16 16 0 12 16 16 16 3 16 16 5 3 15 15 14 11 11 16 16 9 16 12 0 16 0 2 16 9 16 16 10 16 7 16 4 16 16 4 16 3 9 15 13 10 5 13 6 0 7 10 15 0 16 16 0 16 5 3 6 9 3 16 10 16 3 10 16 16 16 7 16 15 16 2 16 10 16 9 16 0 0 16 2 0 4 15 2 9 16 8 4 16 16 6 14 16 0 10 3 16 16 16 16 12 15 12 0 13 14 13 4 14 5 16 15 0 9 14 14 15 16 16 16 1 11 13 8 6 0 4 16 3 16 12 15 9 16 2 0 9 11 3 16 1 3 16 13 10 4 16 2 16 16 16 5 12 15 6 8 0 16 11 12 16 10 12 16 5 13 7 16 15 9 16 16 14 0 14 16 4 3 9 16 5 12 16 8 16 9 12 8 6 14 15 16 12 0 16 16 16 1 2 8 16 11 0 0 14 16 16 13 15 2 15 16 10 9 16 16 5 6 4 10 16 14 0 15 0 13 15 0 9 16 16 0 13 16 9 1 13 15 1 16 0 7 7 0 0 14 16 16 0 16 16 0 16 5 11 16 13 9 16 2 13 16 16 16 16 16 2 16 12 16 16 16 3 0 5 14 4 16 6 16 2 4 4 13 4 1 16 14 10 14 1 0 11 16 0 16 1 16 15 16 9 2 8 9 0 0 0 15 8 16 14 15 16 14 15 5 0 16 16 16 16 5 16 0 14 3 5 14 15 16 4 3 16 0 1 15 6 13 16 4 2 11 16 6 16 13 16 13 10 6 1 16 16 16 16 16 0 1 16 8 16 15 0 0 0 11 0 15 11 11 1 2 3 0 0 13 0 10 12 14 6 0 0 16 16 10 4 3 16 16 13 16 16 0 16 16 16 0 16 7 16 0 16 7 13 16 14 13 11 0 13 11 15 16 9 16 0 16 15 4 2 15 11 0 13 2 16 15 14 0 8 16 0 1 0 15 16 16 4 15 1 16 16 15 0 16 0 16 16 0 2 10 1 11 16 16 10 16 7 16 0 1 16 10 7 16 11 14 16 1 5 16 16 16 16 9 16 3 4 3 14 16 14 9 13 0 14 0 0 3 14 1 7 16 8 0 7 16 1 0 10 15 9 12 7 0 16 16 4 11 16 13 15 0 16 16 16 1 2 2 10 15 16 9 16 16 13 16 1 16 16 13 9 16 16 15 12 16 11 15 16 0 1 12 16 16 15 6 14 11 10 0 15 16 12 16 14 8 5 6 0 16 16 8 7 0 16 1 14 16 16 16 2 10 8 3 12 14 2 16 16 14 9 6 16 16 0 0 0 14 16 0 0 0 16 13 16 1 16 16 1 12 11 9 16 16 9 16 10 16 4 16 0 0 16 12 13 16 14 16 3 16 9 5 16 16 7 16 16 14 15 14 14 14 16 12 16 3 12 0 1 4 16 16 5 5 16 13 12 16 16 16 0 16]","[0 0 0 0 0 0 0 0 0 0 0 0 0 0 0 0 0 0 0 0 0 0 0 0 0 0 0 0 0 0 0 0 0 0 0 0 0 0 0 0 0 0 0 0 0 0 0 0 0 0 0 0 0 0 0 0 0 0 0 0 0 0 0 0 0 0 0 0 0 0 0 0 0 0 0 0 0 0 0 0 0 0 0 0 0 0 0 0 0 0 0 0 0 0 0 0 0 0 0 0 0 0 0 0 0 0 0 0 0 0 0 0 0 0 0 0 0 0 0 0 0 0 0 0 0 0 0 0 0 0 0 0 0 0 0 0 0 0 0 0 0 0 0 0 0 0 0 0 0 0 0 0 0 0 0 0 0 0 0 0 0 0 0 0 0 0 0 0 0 0 0 0 0 0 0 0 0 0 0 0 0 0 0 0 0 0 0 0 0 0 0 0 0 0 0 0 0 0 0 0 0 0 0 0 0 0 0 0 0 0 0 0 0 0 0 0 0 0 0 0 0 0 0 0 0 0 0 0 0 0 0 0 0 0 0 0 0 0 0 0 0 0 0 0 0 0 0 0 0 0 0 0 0 0 0 0 0 0 0 0 0 0 0 0 0 0 0 0 0 0 0 0 0 0 0 0 0 0 0 0 0 0 0 0 0 0 0 0 0 0 0 0 0 0 0 0 0 0 0 0 0 0 0 0 0 0 0 0 0 0 0 0 0 0 0 0 0 0 0 0 0 0 0 0 0 0 0 0 0 0 0 0 0 0 0 0 0 0 0 0 0 0 0 0 0 0 0 0 0 0 0 0 0 0 0 0 0 0 0 0 0 0 0 0 0 0 0 0 0 0 0 0 0 0 0 0 0 0 0 0 0 0 0 0 0 0 0 0 0 0 0 0 0 0 0 0 0 0 0 0 0 0 0 0 0 0 0 0 0 0 0 0 0 0 0 0 0 0 0 0 0 0 0 0 0 0 0 0 0 0 0 0 0 0 0 0 0 0 0 0 0 0 0 0 0 0 0 0 0 0 0 0 0 0 0 0 0 0 0 0 0 0 0 0 0 0 0 0 0 0 0 0 0 0 0 0 0 0 0 0 0 0 0 0 0 0 0 0 0 0 0 0 0 0 0 0 0 0 0 0 0 0 0 0 0 0 0 0 0 0 0 0 0 0 0 0 0 0 0 0 0 0 0 0 0 0 0 0 0 0 0 0 0 0 0 0 0 0 0 0 0 0 0 0 0 0 0 0 0 0 0 0 0 0 0 0 0 0 0 0 0 0 0 0 0 0 0 0 0 0 0 0 0 0 0 0 0 0 0 0 0 0 0 0 0 0 0 0 0 0 0 0 0 0 0 0 0 0 0 0 0 0 0 0 0 0 0 0 0 0 0 0 0 0 0 0 0 0 0 0 0 0 0 0 0 0 0 0 0 0 0 0 0 0 0 0 0 0 0 0 0 0 0 0 0 0 0 0 0 0 0 0 0 0 0 0 0 0 0 0 0 0 0 0 0 0 0 0 0 0 0 0 0 0 0 0 0 0 0 0 0 0 0 0 0 0 0 0 0 0 0 0 0 0 0 0 0 0 0 0 0 0 0 0 0 0 0 0 0 0 0 0 0 0 0 0 0 0 0 0 0 0 0 0 0 0 0 0 0 0 0 0 0 0 0 0 0 0 0 0 0 0 0 0 0 0 0 0 0 0 0 0 0 0 0 0 0 0 0 0 0 0 0 0 0 0 0 0 0 0 0 0 0 0 0 0 0 0 0 0 0 0 0 0 0 0 0 0 0 0 0 0 0 0 0 0 0 0 0 0 0 0 0 0 0 0 0 0 0 0 0 0 0 0 0 0 0 0 0 0 0 0 0 0 0 0 0 0 0 0 0 0 0 0 0 0 0 0 0 0 0 0 0 0 0 0 0 0 0 0 0 0 0 0 0 0 0 0 0 0 0 0 0 0 0 0 0 0 0 0 0 0 0 0 0 0 0 0 0 0 0 0 0 0 0 0 0 0 0 0 0 0 0 0 0 0 0 0 0 0]","[1 6 7 7 6 9 9 1 9 9 6 4 1 10 6 10 0 6 1 9 2 2 3 10 4 7 9 8 10 5 5 10 2 5 10 6 10 10 1 8 4 4 9 0 1 2 5 1 7 7 10 6 5 6 6 8 10 10 10 5 8 9 6 2 9 3 1 9 1 4 6 3 6 6 7 2 9 6 2 6 0 4 8 10 10 5 1 8 10 5 10 6 10 4 0 10 10 9 8 8 3 4 7 7 10 7 4 3 5 9 7 10 10 3 6 0 5 2 8 6 8 10 6 4 8 7 9 8 8 7 10 3 4 0 1 7 9 8 9 5 4 8 10 5 9 6 8 3 9 10 6 7 5 7 9 2 10 7 6 7 0 7 3 10 8 0 5 5 9 6 7 2 5 2 9 5 6 6 9 7 9 0 9 9 9 6 7 5 2 6 5 0 8 0 5 5 7 4 4 8 7 8 9 9 8 9 3 6 10 8 3 9 4 9 5 9 7 8 5 3 10 4 5 3 2 3 5 6 10 5 6 4 10 1 9 4 2 9 9 3 5 9 10 8 10 0 8 7 8 10 4 6 10 4 1 8 3 6 2 6 9 10 6 8 7 4 9 3 6 9 3 10 9 6 9 6 9 6 7 10 7 9 4 6 10 8 5 5 9 8 3 5 5 10 0 10 9 1 8 9 7 5 8 8 10 7 6 4 7 10 8 7 9 10 4 7 6 9 6 10 7 10 4 3 8 2 0 6 6 8 8 10 3 3 8 10 6 6 9 2 4 3 10 10 9 10 9 8 8 5 2 4 10 5 3 2 9 9 1 10 10 8 8 5 10 10 4 4 6 10 6 0 0 7 3 8 7 8 5 8 8 2 4 9 5 10 5 3 10 7 7 4 9 2 10 5 2 5 2 5 9 7 1 8 6 5 6 7 7 9 4 8 6 10 9 5 10 10 7 2 5 10 8 7 5 8 6 8 8 3 8 4 4 5 6 7 9 9 7 1 7 10 9 6 7 5 8 7 0 3 3 10 10 7 4 0 6 7 7 2 9 8 6 7 5 7 7 8 2 10 0 1 7 2 8 10 9 5 5 10 6 5 7 8 5 9 1 2 10 3 4 6 9 9 1 9 9 7 8 10 1 9 4 8 8 6 5 8 9 9 10 10 6 8 4 3 10 9 4 2 6 6 9 10 6 9 2 4 4 7 2 6 7 2 2 6 2 8 4 7 4 10 4 9 6 9 4 3 5 2 4 0 3 6 8 9 8 6 8 7 6 7 3 9 10 9 9 5 10 4 9 5 1 8 8 9 2 3 9 4 6 5 3 3 9 5 3 5 9 7 8 10 10 3 6 8 8 7 10 7 9 8 4 2 9 7 8 8 0 0 0 4 5 7 10 5 3 5 6 6 2 5 5 9 7 4 7 0 0 10 9 10 3 5 7 7 6 10 10 0 6 9 9 3 9 4 10 6 10 6 6 8 7 7 10 4 2 10 8 9 2 8 0 8 10 3 4 6 6 4 6 4 8 3 9 2 5 7 0 3 1 9 6 10 1 7 7 9 10 3 1 6 3 7 8 3 4 4 2 10 8 9 6 10 4 9 4 5 10 9 9 9 4 4 10 3 5 6 8 8 10 9 7 5 5 5 4 8 9 5 7 3 6 4 2 5 7 2 10 9 6 6 8 8 2 2 4 10 8 9 5 0 7 10 0 8 6 4 6 0 10 8 8 1 0 3 8 8 10 4 9 9 5 9 3 10 9 8 7 8 6 4 10 5 5 6 7 1 4 10 10 6 10 9 8 8 0 2 4 7 8 8 6 6 7 6 1 9 8 1 8 1 7 3 6 9 10 10 3 10 5 5 6 8 2 10 6 8 8 6 10 9 1 2 3 8 8 5 2 1 5 6 8 6 9 6 5 8 8 9 4 6 2 7 5 10 8 9 0 3 9 5 9 7 8 10 8 10 10 6 9 9 6 9 10 8 7 4 9 8 9 7 6 6 8 0 2 8 10 10 8 4 10 7 5 10 10 9 1 7]"
"2","0.05","2","3","500","0","[20 21 24 7 2 3 14 28 17 2 2 28 24 25 26 4 27 27 11 18 22 9 13 28 0 22 0 27 18 17 7 21 12 19 22 17 8 8 29 13 12 15 4 10 7 12 15 16 19 3 13 18 18 14 14 15 26 8 11 5 19 4 4 27 4 12 20 28 25 28 11 24 3 23 3 9 7 29 19 18 10 17 18 15 10 23 25 21 6 27 15 6 4 15 6 21 25 17 26 5 17 19 22 4 4 29 2 4 25 26 24 5 22 8 1 1 23 8 26 23 14 23 3 17 2 27 20 15 15 17 29 18 13 11 25 29 18 23 24 17 1 6 27 26 1 20 16 7 9 4 3 22 3 20 0 8 22 22 17 20 13 12 21 7 26 29 18 0 20 5 17 23 17 15 29 2 12 9 10 17 24 27 28 23 22 17 12 1 24 28 12 15 14 17 3 12 14 27 2 7 14 29 29 14 5 11 28 6 28 18 9 20 3 2 10 4 14 0 18 22 12 1 23 9 5 0 16 6 24 20 7 1 8 5 23 26 8 0 23 15 16 13 26 22 21 11 21 6 21 18 24 16 19 19 26 29 28 25 0 9 11 27 27 17 26 27 1 24 25 25 24 9 2 12 15 28 18 0 0 10 9 2 13 3 9 24 22 4 24 11 29 12 2 14 24 17 3 24 7 2 29 27 10 12 27 0 21 9 18 18 7 18 1 1 10 5 27 11 7 20 28 28 2 19 12 9 16 1 0 4 2 9 4 22 11 29 5 26 19 7 13 19 11 29 6 23 8 5 4 6 1 20 8 9 19 9 9 15 28 29 29 16 10 16 10 14 1 1 4 24 6 9 10 5 5 6 17 24 0 6 17 7 0 12 8 13 7 17 0 10 15 26 3 14 2 20 9 6 12 19 26 6 14 15 6 8 2 19 20 6 1 7 27 20 19 1 12 28 17 16 8 27 6 8 1 7 18 3 26 20 25 15 16 18 29 6 28 23 10 2 26 17 17 22 19 25 14 0 21 22 9 20 26 13 3 1 26 5 16 5 9 25 1 10 20 10 5 1 19 10 21 7 1 4 16 24 10 13 11 18 13 0 15 18 4 9 11 2 27 15 10 4 9 18 20 23 26 9 11 21 16 24 21 27 14 8 0 24 22 8 9 7 27 10 24 18 0 14 12 6 29 25 12 19 20 0 25 29 13 6 25 23 7 11 16 26 28 16 8 7 15 21 0 22 12 14 17 29 13 0 6 3 11 16 22 28 26 20 16 0 13 5 6 3 16 14 3 18 28 14 12 27 24 29 24 23 28 18 23 8 4 2 25 2 12 9 19 21 17 23 16 10 21 18 19 20 2 1 22 13 5 27 13 11 11 21 1 8 13 10 21 8 25 25 25 21 23 20 23 11 21 24 28 27 15 28 11 12 1 8 0 0 16 5 23 0 22 29 28 3 13 8 25 8 16 29 29 23 3 28 28 7 8 22 6 4 16 14 9 17 15 22 19 1 21 14 25 15 1 12 10 19 28 16 14 5 5 14 3 19 4 23 29 29 13 12 3 23 24 9 25 3 19 27 25 17 1 20 14 15 15 21 13 4 13 26 7 7 27 25 19 22 11 8 28 7 16 20 4 24 12 9 24 22 24 4 27 28 13 13 3 22 13 23 6 2 5 11 17 10 11 10 2 5 19 2 25 21 22 13 26 27 10 14 14 10 9 5 1 12 27 16 24 26 16 20 16 5 3 10 12 20 19 20 2 4 15 24 21 12 7 8 20 8 2 27 23 16 6 25 23 7 0 11 18 18 21 6 15 5 4 25 25 13 8 22 3 2 23 11 3 15 29 28 18 14 6 15 11 29 25 2 15 23 9 25 28 12 6 18 0 3 26 3 5 22 7 7 26 26 17 19 27 11 11 14 22 7 11 16 26 10 10 21 8 18 29 5 13 8 5 19 15 26 23 7 21 2 19 14 11 10 6 20 16 13 21 13 21 21 5 2 6 22 4 20 17 3 4 0 3 26 1 5 29 14 19 0 4 1]","[28 9 10 16 25 27 24 1 14 19 20 24 9 26 2 24 25 24 3 23 18 9 13 25 14 15 1 0 0 27 23 21 28 26 8 13 2 12 4 7 20 8 21 11 6 26 23 14 0 8 16 27 10 6 4 27 1 1 12 22 13 25 8 4 1 12 6 23 8 9 5 15 9 2 2 25 28 7 6 11 21 5 1 18 13 28 25 5 21 6 6 28 16 4 12 8 16 4 26 13 11 23 17 13 26 25 18 2 3 25 26 17 20 8 20 13 16 28 18 24 1 25 17 19 5 13 27 22 1 17 10 19 15 21 4 22 9 8 16 22 2 4 2 4 29 13 16 11 6 5 15 11 6 17 3 3 27 6 28 10 11 3 10 18 0 28 12 21 20 16 29 29 3 25 3 22 14 4 7 2 20 3 22 0 12 0 8 1 2 20 4 13 14 26 1 29 0 7 1 12 23 11 26 21 27 10 12 8 18 5 14 0 14 16 23 22 26 5 21 29 25 28 14 22 2 16 9 6 13 26 22 4 20 26 22 20 25 20 11 11 20 17 7 22 13 6 27 15 19 2 14 17 12 11 6 8 5 1 10 21 15 18 11 1 17 16 10 29 23 29 12 19 10 1 15 0 3 27 25 14 5 11 24 7 17 19 21 4 27 17 5 9 29 12 8 18 26 6 10 6 2 14 22 7 29 11 11 23 20 4 25 6 22 17 17 29 1 1 7 5 8 19 27 17 18 28 7 3 29 18 13 15 29 23 24 20 21 9 27 0 5 16 0 18 26 12 0 6 15 0 15 1 22 1 5 11 24 14 3 15 9 11 3 23 12 19 21 16 10 28 14 16 24 28 18 10 8 5 15 23 25 15 6 6 4 20 5 7 7 29 12 21 24 22 12 21 8 18 15 3 28 5 29 9 1 17 9 21 7 25 24 24 10 25 8 0 2 11 9 27 11 22 11 13 25 29 16 11 13 22 14 2 28 13 27 3 16 3 1 15 24 6 21 10 2 15 13 8 22 2 0 15 19 18 0 18 12 5 10 9 29 27 6 15 2 5 10 14 18 28 28 17 11 3 3 21 6 29 16 28 22 4 21 26 9 3 4 17 5 24 2 28 12 7 16 13 16 26 25 26 13 4 14 23 16 21 19 11 4 18 10 19 27 4 17 18 28 5 13 27 16 10 10 29 4 24 28 29 8 20 19 21 1 18 21 11 10 22 10 3 16 25 12 26 21 27 16 14 27 17 9 10 11 15 28 13 8 18 1 23 21 11 22 4 8 15 21 25 27 25 0 20 3 13 25 26 26 15 18 27 19 4 12 24 24 7 20 2 24 9 18 18 0 14 4 8 21 19 13 9 15 26 10 23 28 7 27 15 4 0 1 29 11 0 6 17 17 23 23 26 29 24 28 17 29 15 9 27 8 5 2 18 6 24 10 22 16 21 14 18 26 7 17 24 19 0 19 7 16 7 4 2 6 1 17 7 29 7 27 23 10 9 10 7 24 28 22 5 23 22 10 24 17 4 11 19 1 10 20 19 27 15 24 17 3 19 22 19 1 18 7 23 7 21 18 20 5 29 8 7 28 3 2 14 19 27 20 27 9 2 28 7 19 9 21 26 12 11 0 7 11 2 0 19 18 20 28 6 1 25 19 14 23 1 24 14 3 2 12 27 7 25 3 23 14 8 9 6 5 12 22 12 26 18 17 9 13 14 26 17 8 25 23 15 26 9 5 0 28 16 16 19 15 24 0 12 26 22 18 23 21 16 12 19 26 19 6 24 2 24 4 13 26 8 17 22 15 16 17 12 23 20 5 14 23 25 29 7 20 27 13 0 23 2 24 9 29 3 14 12 13 2 20 27 20 21 29 5 19 8 0 25 14 3 7 0 8 9 3 5 15 25 15 22 29 3 24 4 20 0 10 8 20 16 14 29 1 25 6 26 20 22 19 29 5 14 23 23 1 20 13 19 13 3 2 0 4 28 12 20 8 28 7 3 6 14 10 5 11 9 12 23 9 4 6 2 9 13 17 12]","[10 3 4 0 7 16 8 13 15 11 0 2 16 15 16 15 9 16 12 16 0 8 8 10 16 3 0 1 8 16 8 16 16 0 16 12 16 6 0 16 16 1 6 0 15 16 0 2 15 11 16 14 15 4 16 12 8 16 14 16 13 14 15 13 1 9 8 5 13 16 16 16 5 16 14 3 16 10 7 16 14 0 13 12 16 10 16 12 13 16 0 10 16 16 12 15 16 4 0 1 16 10 15 10 13 1 16 10 11 16 16 7 11 3 15 16 16 13 16 16 16 16 0 16 16 0 10 16 16 11 5 9 3 16 16 16 2 15 0 16 13 8 7 1 13 1 13 3 16 0 0 16 2 16 16 15 16 13 16 16 14 13 16 4 16 0 6 0 7 15 11 10 6 16 0 16 7 16 0 7 14 0 6 0 12 0 8 6 16 7 0 4 10 14 12 14 9 13 2 9 12 14 2 8 12 12 0 16 16 1 16 10 3 5 10 15 1 16 14 0 16 15 16 15 12 1 10 16 9 9 16 15 16 0 12 13 16 14 16 16 15 7 0 5 15 0 13 4 13 0 16 10 16 3 16 16 16 16 16 0 15 3 16 4 6 16 0 0 16 14 16 14 16 12 15 0 10 14 5 16 14 16 7 16 16 15 6 10 16 3 1 16 14 16 16 2 3 0 16 12 15 16 12 16 0 2 12 1 5 11 14 11 16 8 0 8 0 9 13 5 16 8 4 8 16 0 10 4 0 16 6 16 9 16 15 0 8 16 14 12 12 2 16 16 16 15 4 0 16 10 13 8 2 4 9 14 8 16 16 6 16 8 16 0 10 16 16 12 16 16 7 16 10 7 1 16 16 16 10 7 15 10 16 15 11 9 16 4 14 16 16 3 16 15 14 0 10 9 7 4 7 8 16 8 2 16 1 6 14 0 10 0 12 16 16 16 16 15 16 16 9 3 16 8 16 2 16 16 16 2 16 16 12 11 8 3 16 16 14 11 16 7 16 6 12 12 16 16 11 15 0 16 16 16 16 16 3 9 10 0 16 1 16 16 6 12 13 16 0 16 0 1 3 12 0 6 14 16 0 6 6 7 0 0 11 15 16 10 16 16 0 14 0 0 0 4 16 4 16 5 0 6 14 15 14 15 15 16 16 16 13 9 13 0 1 6 2 16 13 16 15 12 1 0 15 7 14 4 9 10 16 16 3 14 9 0 11 5 16 16 11 16 16 13 10 16 16 16 16 13 0 2 0 8 16 16 16 8 16 14 15 11 16 16 16 0 16 16 16 14 16 16 10 0 16 10 16 5 12 0 16 0 0 0 11 13 16 16 10 0 15 15 4 3 16 4 16 2 16 9 16 2 0 16 0 16 10 16 9 16 16 15 13 10 1 13 9 0 9 12 5 16 12 15 11 1 16 11 12 16 16 15 16 16 1 0 16 16 15 2 0 16 16 0 0 15 16 4 6 12 16 15 16 16 6 16 0 6 16 0 5 3 7 8 9 9 16 0 2 8 16 15 4 14 16 4 0 16 16 6 0 16 1 16 16 11 16 9 16 0 15 12 16 16 16 8 16 7 16 2 5 0 16 5 2 13 6 10 16 16 16 15 13 0 16 4 4 10 10 16 16 13 2 10 16 0 0 9 16 16 13 0 16 16 13 6 0 16 0 9 2 16 13 4 16 12 16 3 0 6 1 1 16 14 9 16 3 2 0 16 16 10 11 16 4 9 0 16 9 16 12 15 15 11 12 16 7 16 2 13 16 16 0 12 4 16 12 9 0 12 11 5 16 16 16 0 15 16 1 11 16 14 16 1 9 5 7 16 16 9 16 16 8 3 6 13 1 0 15 2 16 11 15 15 16 16 0 16 9 1 9 4 13 15 9 8 15 16 14 16 4 1 15 3 15 16 0 10 13 6 16 16 16 0 0 0 15 9 9 10 15 0 8 5 4 12 13 0 16 16 16 12 6 16 16 4 10 8 4 11 4 16 0 16 9 4 16 2 16 16 0 13 4 16 10 16 0 15 0 5]","[0 0 0 0 0 0 0 0 0 0 0 0 0 0 0 0 0 0 0 0 0 0 0 0 0 0 0 0 0 0 0 0 0 0 0 0 0 0 0 0 0 0 0 0 0 0 0 0 0 0 0 0 0 0 0 0 0 0 0 0 0 0 0 0 0 0 0 0 0 0 0 0 0 0 0 0 0 0 0 0 0 0 0 0 0 0 0 0 0 0 0 0 0 0 0 0 0 0 0 0 0 0 0 0 0 0 0 0 0 0 0 0 0 0 0 0 0 0 0 0 0 0 0 0 0 0 0 0 0 0 0 0 0 0 0 0 0 0 0 0 0 0 0 0 0 0 0 0 0 0 0 0 0 0 0 0 0 0 0 0 0 0 0 0 0 0 0 0 0 0 0 0 0 0 0 0 0 0 0 0 0 0 0 0 0 0 0 0 0 0 0 0 0 0 0 0 0 0 0 0 0 0 0 0 0 0 0 0 0 0 0 0 0 0 0 0 0 0 0 0 0 0 0 0 0 0 0 0 0 0 0 0 0 0 0 0 0 0 0 0 0 0 0 0 0 0 0 0 0 0 0 0 0 0 0 0 0 0 0 0 0 0 0 0 0 0 0 0 0 0 0 0 0 0 0 0 0 0 0 0 0 0 0 0 0 0 0 0 0 0 0 0 0 0 0 0 0 0 0 0 0 0 0 0 0 0 0 0 0 0 0 0 0 0 0 0 0 0 0 0 0 0 0 0 0 0 0 0 0 0 0 0 0 0 0 0 0 0 0 0 0 0 0 0 0 0 0 0 0 0 0 0 0 0 0 0 0 0 0 0 0 0 0 0 0 0 0 0 0 0 0 0 0 0 0 0 0 0 0 0 0 0 0 0 0 0 0 0 0 0 0 0 0 0 0 0 0 0 0 0 0 0 0 0 0 0 0 0 0 0 0 0 0 0 0 0 0 0 0 0 0 0 0 0 0 0 0 0 0 0 0 0 0 0 0 0 0 0 0 0 0 0 0 0 0 0 0 0 0 0 0 0 0 0 0 0 0 0 0 0 0 0 0 0 0 0 0 0 0 0 0 0 0 0 0 0 0 0 0 0 0 0 0 0 0 0 0 0 0 0 0 0 0 0 0 0 0 0 0 0 0 0 0 0 0 0 0 0 0 0 0 0 0 0 0 0 0 0 0 0 0 0 0 0 0 0 0 0 0 0 0 0 0 0 0 0 0 0 0 0 0 0 0 0 0 0 0 0 0 0 0 0 0 0 0 0 0 0 0 0 0 0 0 0 0 0 0 0 0 0 0 0 0 0 0 0 0 0 0 0 0 0 0 0 0 0 0 0 0 0 0 0 0 0 0 0 0 0 0 0 0 0 0 0 0 0 0 0 0 0 0 0 0 0 0 0 0 0 0 0 0 0 0 0 0 0 0 0 0 0 0 0 0 0 0 0 0 0 0 0 0 0 0 0 0 0 0 0 0 0 0 0 0 0 0 0 0 0 0 0 0 0 0 0 0 0 0 0 0 0 0 0 0 0 0 0 0 0 0 0 0 0 0 0 0 0 0 0 0 0 0 0 0 0 0 0 0 0 0 0 0 0 0 0 0 0 0 0 0 0 0 0 0 0 0 0 0 0 0 0 0 0 0 0 0 0 0 0 0 0 0 0 0 0 0 0 0 0 0 0 0 0 0 0 0 0 0 0 0 0 0 0 0 0 0 0 0 0 0 0 0 0 0 0 0 0 0 0 0 0 0 0 0 0 0 0 0 0 0 0 0 0 0 0 0 0 0 0 0 0 0 0 0 0 0 0 0 0 0 0 0 0 0 0 0 0 0 0 0 0 0 0 0 0 0 0 0 0 0 0 0 0 0 0 0 0 0 0 0 0 0 0 0 0 0 0 0 0 0 0 0 0 0 0 0 0 0 0 0 0 0 0 0 0 0 0 0 0 0 0 0 0 0 0 0 0 0 0 0 0 0 0 0 0 0 0 0 0 0 0 0 0 0 0 0 0 0 0 0 0 0 0 0 0 0 0 0 0 0 0]","[8 6 3 0 4 8 3 5 6 5 3 2 10 9 8 9 9 10 4 7 1 4 6 5 8 2 0 5 9 10 8 10 9 1 5 9 8 3 3 6 6 1 6 4 9 9 3 7 4 8 9 6 6 6 9 6 7 9 6 9 5 9 8 5 7 2 8 6 7 7 10 9 4 10 8 5 7 0 6 9 2 4 10 7 8 0 9 2 8 10 2 2 9 10 8 4 6 2 1 5 7 4 7 10 5 1 6 3 6 8 10 2 7 2 8 7 10 3 10 8 7 10 2 9 9 2 7 8 10 8 8 4 3 8 10 7 1 9 0 10 10 7 9 8 9 1 2 5 8 0 2 9 6 8 10 4 9 6 10 6 1 7 9 8 6 1 8 2 0 10 7 9 6 8 0 9 4 8 2 10 7 7 7 6 5 3 8 6 8 7 2 3 3 8 0 6 3 1 5 1 10 5 6 6 5 6 1 8 8 4 10 5 4 4 7 9 7 10 7 4 6 10 9 8 6 2 7 8 8 7 10 7 8 3 6 4 10 6 8 9 9 8 0 8 10 3 5 8 6 1 6 6 10 5 9 10 10 7 7 1 8 5 6 6 7 10 1 4 10 7 10 9 3 7 8 1 8 8 3 10 9 8 8 7 10 8 4 1 10 2 6 6 7 10 10 5 6 1 8 10 10 9 5 10 0 6 10 3 5 6 4 5 10 3 0 7 6 4 5 7 8 9 8 7 8 2 6 4 1 5 5 5 4 9 7 6 3 9 10 4 8 6 10 7 10 7 6 0 7 4 7 6 3 3 8 6 4 8 2 9 10 3 10 2 9 10 8 5 10 9 7 10 6 7 3 7 6 8 6 4 6 3 8 6 5 5 7 5 5 9 8 7 9 8 9 4 8 8 5 3 7 9 7 5 6 8 4 9 7 2 9 4 5 8 5 10 9 7 8 10 5 5 7 4 10 2 8 9 10 2 9 8 10 8 6 6 8 7 10 10 6 8 6 2 10 9 8 9 5 4 0 6 9 8 7 10 6 8 2 0 8 5 3 8 4 2 3 10 2 10 0 0 9 8 6 5 8 10 3 5 7 7 7 0 7 8 9 10 7 6 0 10 4 2 1 3 8 8 9 6 0 6 7 10 7 4 9 10 9 8 0 4 10 6 6 7 5 8 4 10 7 6 1 3 7 9 7 6 9 7 9 9 9 7 10 0 6 8 8 10 5 10 10 5 9 8 8 10 10 2 0 7 0 9 9 10 8 9 8 8 4 7 9 10 9 5 10 9 9 5 8 7 5 4 9 4 7 4 4 4 10 1 3 0 10 6 10 7 7 1 10 8 6 4 8 8 10 5 6 3 7 6 3 8 4 6 5 10 7 9 10 9 8 5 4 4 4 2 4 7 5 9 10 8 4 4 9 0 3 7 10 8 7 10 5 1 9 10 9 6 1 10 7 5 1 7 9 1 4 5 7 9 10 9 6 9 6 0 8 1 2 5 10 6 8 6 9 0 3 8 10 7 6 7 9 1 4 10 8 5 1 10 7 9 8 5 8 4 8 0 8 8 10 8 7 1 10 8 10 4 8 2 9 6 5 5 10 8 10 8 8 7 6 3 10 6 4 10 4 10 9 7 1 4 9 1 5 5 10 8 9 1 8 10 10 2 5 9 1 5 3 10 8 6 10 10 10 1 2 3 4 4 10 8 5 10 1 1 2 9 8 1 5 10 4 6 1 8 6 5 6 10 6 10 9 8 1 10 4 7 9 10 1 6 8 3 10 5 0 6 9 6 9 7 9 3 5 10 8 1 10 7 6 2 2 2 6 8 8 8 8 10 5 6 3 9 5 0 3 5 10 7 9 6 7 9 1 10 2 2 4 8 10 6 7 5 10 10 4 7 7 3 6 3 7 7 4 7 9 5 9 6 7 2 1 0 5 2 4 7 8 2 4 9 6 9 2 2 10 9 5 7 4 10 9 4 3 8 7 5 7 10 4 8 2 6 9 6 9 9 1 10 5 10 5 9 1 7 2 6]"
"3","0.05","3","3","500","540","[14 26 13 8 8 5 4 12 2 23 7 23 4 9 24 1 7 29 28 24 15 0 20 26 10 1 16 1 18 13 26 21 17 6 12 13 22 16 4 26 27 9 16 22 21 11 8 26 23 14 10 13 8 9 3 19 27 12 4 0 24 2 5 8 1 14 28 24 3 15 25 14 23 5 19 24 26 20 8 6 4 16 25 10 20 29 25 17 3 18 4 18 20 19 5 20 6 27 29 18 21 29 7 13 9 25 20 11 25 27 15 1 27 5 11 11 25 2 15 18 29 16 21 29 14 7 27 13 24 29 19 29 16 23 19 3 20 2 15 22 3 15 22 29 27 20 2 13 25 21 6 18 7 16 6 7 10 24 9 5 20 4 10 10 3 26 1 12 8 15 0 20 15 21 5 5 28 3 2 14 13 28 4 20 29 0 25 14 2 2 24 19 1 2 13 9 22 8 11 21 20 6 27 10 7 5 0 11 15 1 24 6 12 11 16 5 27 18 1 10 3 8 21 16 26 16 29 28 14 6 24 9 0 15 6 15 5 19 16 10 16 20 3 18 0 7 2 10 6 5 15 29 10 3 8 6 12 27 0 17 11 13 7 4 23 12 3 15 9 3 12 5 27 21 15 10 26 29 10 11 22 27 8 9 0 8 22 18 21 10 9 23 25 23 19 2 29 23 18 26 28 19 17 28 9 29 13 6 9 1 22 11 0 22 26 29 23 28 17 9 18 0 0 23 12 3 8 13 7 11 5 16 14 13 5 17 21 7 25 8 19 0 18 19 3 10 26 5 28 24 25 26 26 18 11 24 11 29 16 26 11 9 20 3 25 17 19 13 2 14 4 9 20 8 8 16 24 5 14 18 23 14 0 26 15 18 20 5 9 25 10 19 1 21 25 16 15 28 1 22 28 2 26 12 15 24 18 21 7 26 2 27 2 14 18 22 12 28 1 27 12 14 27 29 12 27 23 16 6 11 24 3 6 26 26 23 1 1 13 4 21 8 12 20 12 9 9 6 1 6 27 6 21 10 16 1 12 24 3 12 7 13 16 27 11 4 24 2 27 11 11 19 7 8 3 3 13 21 8 3 28 7 29 9 5 17 18 2 19 28 5 27 19 4 3 27 1 28 13 28 18 10 20 4 6 13 28 21 16 4 26 24 4 17 25 23 29 22 28 18 22 20 20 0 21 16 13 9 1 23 19 4 12 17 9 10 6 15 27 26 4 10 7 22 7 3 29 24 27 21 28 4 19 16 7 29 28 22 18 6 5 25 14 14 10 11 0 2 12 6 7 5 11 11 20 25 28 9 10 16 24 20 14 15 4 22 17 15 23 21 9 23 17 8 14 9 28 11 2 14 18 17 25 4 20 4 9 25 3 2 17 1 27 29 6 12 0 11 29 25 25 28 29 21 28 4 10 24 11 22 3 22 8 8 12 15 10 4 10 3 20 2 26 14 24 25 16 21 15 8 29 7 28 17 2 0 29 22 14 9 14 22 25 22 16 4 11 0 14 22 17 13 17 2 18 11 1 14 27 7 0 7 24 23 1 26 22 14 15 3 29 15 17 12 27 16 1 1 15 19 29 7 17 3 26 27 14 21 23 25 25 9 23 6 19 15 19 10 19 12 17 10 15 22 4 25 17 21 17 8 18 0 7 7 4 26 2 13 13 23 12 7 5 11 24 7 9 18 0 12 28 21 17 17 21 18 3 23 16 8 27 26 20 6 7 6 20 6 27 25 19 22 4 1 17 6 5 8 6 13 0 3 0 5 8 10 13 2 22 23 24 26 19 14 21 7 13 24 9 19 13 20 29 12 9 11 20 15 21 23 19 0 13 19 23 28 2 18 0 22 6 7 1 25 16 2 0 18 17 2 12 17 24 10 6 8 15 18 15 28 14 8 14 22 23 25 0 5 23 20 13 4 10 5 24 1 2 26 18 1 28 12 2 21 1 1 25 5 28 19 4 19 21 20 22 17 0 24 17 16 27 0 23 11 8 23 17 22 12 26 19 13 11 14 24 12 5 5 3 16]","[24 14 7 7 25 19 23 1 7 13 12 3 5 26 5 23 25 1 8 13 28 25 12 19 11 13 29 8 4 2 2 18 19 15 19 21 12 12 22 26 28 13 28 15 6 20 3 29 12 16 4 18 18 14 2 15 27 15 29 16 1 21 10 6 4 12 18 23 13 16 21 7 6 29 23 6 18 29 1 29 8 19 16 16 2 4 0 2 21 3 10 10 25 5 21 16 22 2 3 18 11 20 6 1 8 5 17 25 22 16 14 12 23 1 0 15 18 24 26 16 17 0 5 11 4 4 14 27 26 8 25 14 23 10 12 14 19 8 23 14 19 0 29 10 13 5 11 10 1 19 12 20 28 9 18 15 23 25 12 20 11 15 6 22 7 24 18 13 2 8 13 7 24 21 24 25 6 0 3 8 20 25 20 9 21 7 2 6 14 28 3 26 26 25 6 10 21 22 10 24 1 21 25 29 2 3 29 12 3 25 2 5 20 27 14 12 5 24 16 25 11 15 26 27 1 1 9 20 3 7 12 1 23 9 0 11 8 10 4 19 18 24 20 15 8 3 20 0 28 11 2 27 20 28 17 11 28 17 21 5 9 0 5 1 1 14 9 15 11 27 16 17 21 7 12 13 15 13 7 22 27 15 13 28 10 10 28 1 8 21 0 14 26 5 24 17 5 28 29 12 7 7 3 26 4 25 17 20 20 28 1 26 18 0 17 29 27 21 10 23 14 4 2 7 22 6 11 24 21 3 0 16 17 9 28 23 10 26 4 14 8 6 12 1 22 15 11 27 9 4 24 9 7 26 11 22 1 24 26 23 8 7 20 17 17 1 14 15 23 20 11 27 27 8 5 10 9 18 11 2 2 19 9 4 7 9 13 13 2 12 10 19 0 9 8 3 5 19 29 17 23 2 3 3 18 27 11 16 29 21 5 3 22 18 22 9 2 22 5 10 12 2 4 18 18 18 20 15 24 6 0 12 10 25 10 16 14 20 12 4 4 21 29 14 9 17 6 17 21 9 6 16 14 27 6 22 7 28 24 5 10 4 2 1 28 17 8 9 24 19 17 17 20 20 18 8 25 3 19 16 0 1 0 3 15 26 27 1 16 3 9 11 2 26 15 22 6 1 19 12 17 12 22 3 14 8 24 15 11 28 16 18 6 8 3 15 6 16 2 7 6 23 8 3 28 21 5 29 11 8 9 9 0 13 25 24 27 25 20 20 25 1 27 11 22 26 15 16 26 0 14 14 21 17 9 7 29 2 0 13 6 25 14 1 17 23 17 29 26 19 18 5 21 4 26 10 16 21 18 8 19 15 9 10 19 18 17 4 21 27 22 29 22 24 25 18 27 18 13 5 21 9 27 7 0 2 19 28 10 27 4 19 29 28 23 27 15 29 2 9 23 17 19 2 4 12 26 15 24 20 3 25 27 4 21 19 28 24 5 5 18 0 13 26 11 13 13 1 13 16 26 14 11 28 26 5 16 24 27 9 28 22 19 13 22 27 2 11 10 3 20 3 27 19 28 7 27 29 9 13 19 16 29 26 2 0 26 23 21 1 22 17 6 25 19 7 7 10 20 29 12 8 12 23 28 8 21 25 25 15 20 5 24 1 20 29 3 2 18 17 18 3 27 23 13 7 25 20 24 0 25 28 23 0 16 22 15 14 13 11 4 11 14 13 14 19 24 13 22 10 13 12 11 7 23 8 25 19 24 23 0 6 10 25 7 8 6 3 12 11 6 7 21 17 15 4 22 28 6 11 1 4 20 4 12 8 29 4 19 0 20 27 13 13 29 17 28 7 15 27 26 3 23 8 16 5 4 22 17 4 0 27 22 11 17 15 10 23 26 10 26 24 3 14 20 16 14 6 29 18 11 21 24 14 2 9 1 5 6 5 22 29 0 4 23 6 12 26 18 28 16 18 9 2 17 1 6 5 19 9 10 23 12 22 15 24 29 7 28 28 0 4 13 21 5 14 24 21 16 25 7 0 9 16 26 22 0 8 6 8 22 23 14 15 10 24 23 16 29 5]","[6 10 2 16 16 1 0 8 16 12 0 16 16 13 9 7 16 0 16 1 14 0 0 16 9 15 16 13 11 16 16 16 15 6 4 16 6 2 1 12 11 15 16 16 12 16 10 3 16 15 0 0 10 16 16 11 11 0 14 3 11 16 16 16 10 14 16 13 0 8 14 14 2 16 10 16 12 8 6 12 16 16 16 8 12 13 15 14 1 0 14 15 16 16 6 13 10 16 16 12 14 2 3 16 8 16 4 16 0 16 16 16 13 2 16 2 16 8 4 7 14 10 7 10 11 0 3 16 16 16 14 1 7 16 16 0 16 16 16 16 7 15 0 12 2 8 14 15 2 9 6 16 16 0 7 13 9 16 16 15 14 16 16 16 16 0 16 12 2 0 16 16 16 16 0 15 11 14 3 16 7 0 11 4 8 16 0 15 0 16 1 16 0 0 0 11 9 13 0 14 0 5 0 5 16 10 11 16 3 15 16 7 16 2 16 12 16 16 0 16 16 0 0 12 15 12 15 0 11 13 9 16 0 14 16 14 16 12 16 13 14 16 16 13 16 15 0 14 16 13 8 16 16 16 2 16 14 16 15 16 0 4 8 16 0 14 16 0 16 16 14 6 16 5 11 6 12 15 16 15 0 1 12 7 13 16 6 16 15 0 16 0 9 7 16 16 2 0 1 8 7 16 0 1 14 14 6 9 7 13 9 16 4 9 14 16 0 4 12 10 16 13 2 12 16 16 16 16 7 16 16 0 15 0 16 9 11 16 15 16 6 16 16 16 14 16 16 0 6 1 4 14 16 16 0 16 12 9 16 0 2 12 16 14 2 14 16 11 0 16 6 12 1 16 16 9 13 16 9 0 16 16 16 16 3 16 16 0 5 13 2 1 16 2 16 11 16 9 16 16 0 1 2 11 16 12 6 16 9 0 16 15 2 16 15 16 16 0 16 16 1 16 16 16 15 16 12 16 3 15 2 16 16 0 12 3 14 16 11 6 16 16 16 5 0 10 16 11 16 6 2 0 14 15 13 15 11 0 6 16 1 16 16 16 15 15 0 16 0 0 0 16 16 7 16 13 16 9 2 16 12 5 8 1 16 16 8 2 16 16 15 16 13 4 0 4 16 0 2 0 16 14 16 14 15 4 0 16 15 6 0 0 12 16 14 11 16 5 16 16 15 15 11 0 8 16 16 3 16 5 8 16 16 16 16 5 14 16 11 15 16 16 1 3 7 7 14 15 6 9 16 0 16 8 10 14 16 16 4 13 14 0 2 5 0 15 16 14 14 16 16 15 16 15 4 0 16 4 5 0 8 14 0 9 13 16 16 16 16 0 0 0 16 16 16 4 16 10 14 2 11 5 15 16 0 13 0 16 2 16 16 11 16 16 0 16 6 1 10 14 15 16 3 4 6 4 15 0 1 16 0 0 16 15 0 16 2 16 16 14 6 16 14 16 12 1 1 14 0 16 4 16 16 16 15 0 16 10 16 6 16 8 6 16 14 14 16 10 4 16 16 15 11 8 0 0 16 15 1 3 10 12 16 2 0 0 0 13 15 16 11 12 0 16 13 11 14 16 16 0 16 16 16 5 16 16 16 0 9 3 1 9 7 16 3 10 14 5 16 13 16 0 16 15 6 0 5 16 16 16 15 9 3 13 0 6 2 15 16 0 9 4 10 9 2 6 12 7 15 0 15 16 14 16 16 16 9 4 9 0 16 16 16 16 16 15 16 9 12 2 16 15 13 2 14 12 0 4 5 16 5 13 6 2 6 3 16 2 14 0 13 16 16 1 9 2 1 9 10 13 8 16 0 5 0 14 16 7 12 16 4 0 16 16 13 16 16 16 16 3 16 16 4 2 15 3 15 16 0 4 1 10 0 5 16 16 16 15 0 1 16 0 0 16 11 13 16 1 1 0 6 14 5 6 0 0 15 2 9 16 5 6 7 16 15 9 7 13 16 12 0 2 16 16 12 5 16 0 9 16 16 16 16 6 16 0 14 11 0 0 0 5 8 16 9 2 3 12 16 13]","[2 2 2 2 2 0 0 0 0 2 0 2 0 0 2 0 2 0 0 2 2 0 2 0 0 0 0 0 0 0 0 0 0 0 0 0 0 0 0 0 2 0 2 2 2 0 0 2 0 0 0 2 2 0 0 0 0 0 0 0 0 0 2 0 0 0 2 2 0 0 0 0 0 0 0 2 2 2 2 2 0 0 0 0 0 0 0 0 0 0 2 0 2 0 2 0 0 0 0 2 2 0 0 0 0 0 0 0 2 0 0 0 0 0 2 0 0 0 0 2 0 0 0 0 0 0 0 2 0 2 0 2 2 0 2 0 0 0 0 0 0 2 2 0 0 0 0 2 0 0 2 2 0 0 0 0 2 0 0 0 0 2 0 0 2 0 0 0 2 2 0 0 0 0 0 0 0 0 0 2 2 0 2 0 0 0 0 2 2 0 0 2 0 0 0 2 0 0 0 2 0 0 0 0 2 0 2 0 2 0 0 0 2 0 2 0 2 2 2 0 0 0 0 0 0 2 0 0 0 2 0 0 2 0 0 0 0 0 0 2 0 2 0 0 0 2 0 0 2 0 2 2 0 2 0 0 0 0 0 0 0 0 0 0 2 0 2 0 0 2 2 0 2 0 0 0 0 2 0 2 0 0 0 0 0 0 0 2 0 0 0 0 0 0 0 0 2 2 0 2 0 0 0 2 2 0 2 0 0 0 2 2 0 0 0 0 0 2 2 0 0 0 2 0 2 2 0 0 0 0 0 0 2 0 0 0 0 2 0 0 2 0 0 2 0 0 2 0 0 0 0 0 2 0 0 0 0 0 2 2 0 0 0 0 0 0 0 2 2 0 0 0 0 0 0 2 0 0 0 2 2 2 2 0 2 0 0 4 0 0 0 0 0 0 0 0 2 0 0 0 0 2 2 0 2 0 0 0 0 0 2 0 0 0 0 0 0 0 0 2 0 0 2 0 0 0 2 0 0 2 2 2 2 0 2 0 0 0 2 2 0 2 2 2 0 0 0 0 0 0 0 0 0 0 0 0 0 2 0 0 0 0 0 0 0 0 2 2 0 0 0 0 0 2 0 2 2 2 0 0 0 0 0 0 2 0 0 2 2 0 0 2 0 0 0 0 0 0 2 2 0 0 0 2 0 0 0 0 0 2 0 2 0 0 0 0 2 0 0 0 0 2 0 0 0 0 0 0 0 0 0 2 0 0 0 0 0 2 2 2 0 2 0 2 2 0 0 2 0 0 0 0 0 0 0 0 2 0 2 2 2 0 0 0 0 0 0 0 0 0 2 0 0 0 0 0 0 2 0 0 0 2 0 0 0 0 0 4 0 0 0 0 0 0 0 0 2 2 0 2 0 0 0 0 0 0 0 0 2 0 0 2 0 2 0 0 2 2 0 0 0 0 2 0 2 2 0 0 0 0 0 0 2 0 0 0 2 0 0 2 0 2 2 0 0 2 2 0 0 0 0 0 0 0 0 0 0 0 0 0 0 0 0 4 0 2 2 2 0 2 0 2 0 0 0 0 0 0 2 0 0 0 2 0 0 0 0 0 0 0 0 4 0 2 2 2 2 0 0 0 2 0 2 0 0 2 2 0 0 0 0 0 0 0 0 0 0 0 0 2 2 0 2 0 0 0 4 0 2 0 2 0 2 2 0 2 2 0 2 2 0 0 2 0 2 0 2 2 0 0 4 0 0 0 0 0 0 0 0 2 0 0 0 0 2 2 2 2 0 0 0 0 0 0 0 0 0 4 0 0 0 0 2 0 0 0 0 0 2 0 0 0 2 0 0 0 0 0 0 2 4 0 0 0 2 2 0 0 0 0 0 0 0 0 2 0 2 2 0 0 2 0 0 0 0 0 0 0 2 0 0 2 0 0 0 0 0 0 0 2 0 0 2 0 2 0 0 2 2 2 0 2 2 0 2 0 0 0 2 0 2 0 2 4 0 0 0 2 4 2 4 0 0 0 0 0 0 2 2 0 0 0 0 0 0 0 0 0 2 0 0 0 2 0 0 0 0 0 0 2]","[4 3 3 8 10 6 1 3 9 8 0 5 9 5 2 10 6 4 8 1 9 2 4 8 8 10 8 10 3 10 9 10 9 4 6 10 6 3 8 6 7 2 10 9 5 10 6 5 10 5 6 4 3 9 10 7 10 3 4 3 8 4 10 8 9 6 10 7 1 6 6 10 3 10 9 6 4 6 6 9 10 10 9 5 6 6 4 8 2 0 5 10 7 8 9 8 5 4 6 6 7 6 8 10 3 7 7 10 3 9 10 10 1 4 10 3 6 9 3 7 6 10 5 7 7 1 3 9 9 10 10 3 6 8 8 2 8 9 9 9 7 8 1 6 5 4 7 6 8 4 8 9 9 3 3 6 3 6 9 8 10 9 9 9 8 0 10 8 4 3 10 7 10 10 3 8 9 8 2 8 5 1 6 6 10 8 0 9 0 9 3 10 5 4 0 6 8 8 3 9 1 3 2 1 10 6 4 8 9 7 7 5 9 6 9 6 6 10 1 10 5 3 1 6 9 7 4 3 10 7 2 8 3 10 10 10 10 7 10 5 8 9 10 6 10 7 5 7 10 10 5 8 7 7 0 4 8 10 8 10 0 4 3 8 2 5 7 2 8 10 8 1 7 7 8 10 6 8 9 6 1 4 9 3 6 9 1 10 3 0 8 0 4 1 10 10 2 1 2 8 10 10 1 0 3 8 6 9 7 9 5 10 5 3 10 6 3 0 7 3 10 9 8 9 8 10 8 8 5 9 7 7 6 3 9 8 6 10 5 5 10 10 9 8 5 9 10 0 10 4 5 8 7 8 3 7 7 3 10 0 3 7 7 6 6 10 7 7 1 9 5 5 4 7 8 2 5 10 7 2 9 10 9 8 1 9 9 1 6 10 4 1 10 3 9 9 7 1 10 10 1 5 3 10 9 5 10 7 9 2 4 10 1 10 9 10 10 0 10 10 6 6 8 9 8 9 6 10 6 10 1 5 9 0 6 4 6 8 4 8 7 10 10 5 0 2 10 7 10 6 2 1 7 6 9 7 3 4 10 9 2 10 6 10 9 8 2 10 0 1 2 8 9 10 10 6 8 3 3 6 10 8 6 4 8 10 5 8 9 7 9 10 7 4 0 7 8 1 5 4 9 8 8 3 9 5 1 10 5 8 1 3 6 10 6 7 9 8 8 10 6 7 4 2 6 10 10 0 9 1 7 10 10 5 10 6 10 9 10 10 6 9 2 6 6 4 8 8 5 4 6 3 5 6 5 8 10 4 3 9 3 0 9 5 1 6 7 6 7 6 5 6 6 8 1 0 10 8 4 0 4 7 0 5 8 10 10 4 10 2 0 2 9 4 8 7 9 7 7 3 3 7 5 8 3 4 3 10 3 8 7 2 10 9 1 9 0 7 7 8 6 9 2 4 7 5 8 4 5 9 3 4 4 5 0 10 4 10 10 5 4 8 7 10 4 2 1 4 4 9 6 9 9 8 10 2 9 4 7 4 10 3 6 7 10 6 10 9 5 10 10 9 10 4 0 1 10 6 4 2 8 8 9 4 1 3 1 10 10 4 10 7 1 10 10 8 10 8 9 1 10 8 7 2 8 8 9 2 5 5 2 8 8 10 3 7 9 8 10 7 9 1 9 7 8 1 6 9 10 9 8 2 3 9 1 4 9 3 10 2 10 0 8 7 3 3 7 10 9 2 9 8 3 7 10 8 8 5 6 3 9 9 8 10 9 9 10 1 10 6 9 6 3 3 9 6 6 1 5 8 7 5 4 3 7 2 10 7 7 1 6 6 8 7 2 6 5 6 10 6 10 7 1 2 3 9 10 6 9 8 5 2 10 10 8 10 4 10 9 6 10 8 0 3 4 7 8 9 1 6 4 6 2 7 9 10 10 5 2 4 9 5 1 8 3 8 9 4 2 4 8 6 6 4 2 3 10 6 6 6 6 7 1 8 8 6 4 4 10 10 1 5 10 6 6 3 8 6 6 8 10 10 6 7 10 0 6 3 0 6 4 10 4 10 6 3 2 8 8 9]"
